thumb,fore,middle,ring,pinky,gesture
0.6022873461349642,5.0004444274353155,4.678503650480572,4.436583081796167,3.9269908169872414
