thumb,fore,middle,ring,pinky,gesture
0.04345089539153084,5.03818809565736,4.78632801804263,4.6311726739339525,4.237692097304515
