thumb,fore,middle,ring,pinky,gesture
0.11773257480409362,5.082295047841248,4.856678374922432,4.498328296820868,4.195905975687962
