thumb,fore,middle,ring,pinky,gesture
0.02221856532671906,5.134775616832016,4.82888044107934,4.642502978750047,4.2328696883920935
