thumb,fore,middle,ring,pinky,gesture
0.07827114052127795,5.127463714079363,4.821330937374555,4.5642289596528585,4.240611469203939
