thumb,fore,middle,ring,pinky,gesture
0.11487660541689915,4.889614365334409,4.593548635816925,4.3722918608749275,4.026659469478403
