thumb,fore,middle,ring,pinky,gesture
4.510067352006386,4.444772675599928,2.498091544796509,3.2365443599325494,3.4782674729765204
