thumb,fore,middle,ring,pinky,gesture
4.360344666069272,4.253245845422452,2.229602362912373,2.8023000391357487,3.1172072444170746
