thumb,fore,middle,ring,pinky,gesture
4.257109376896176,3.7331923639249043,3.9037391941767785,3.7229728373946926,3.790588212586294
