thumb,fore,middle,ring,pinky,gesture
4.562017552377555,4.539528373597545,2.4061528859142873,2.999695598985629,3.232252540790538
