thumb,fore,middle,ring,pinky,gesture
3.522099030702158,2.2865399164637767,1.7183643981088912,1.3986055122719576,1.1319370278313903
