thumb,fore,middle,ring,pinky,gesture
4.535315825605815,4.01536760313209,3.6528233658675826,2.819842099193151,2.804917834203066
