thumb,fore,middle,ring,pinky,gesture
5.652783885706079,0.2738420362271428,1.1859326787832343,2.0425738379756466,2.4149503129080676
