thumb,fore,middle,ring,pinky,gesture
4.238537643889929,0.15660187698201536,6.125416569583632,6.021065465914114,5.970284079299201
