thumb,fore,middle,ring,pinky,gesture
4.443221487598989,0.15991312315821926,3.8402524783112564,3.7416428669915467,3.735342320300564
