thumb,fore,middle,ring,pinky,gesture
4.187593208734582,0.23255694180490902,6.216617143403762,6.038206644052722,5.8925782634819
