thumb,fore,middle,ring,pinky,gesture
4.486429762696049,0.15660187698201536,0.046478131351002934,6.1882336008368295,6.096206037260675
